-- phpMyAdmin SQL Dump
-- version 5.2.1
-- https://www.phpmyadmin.net/
--
-- Хост: 127.0.0.1
-- Время создания: Апр 18 2025 г., 20:57
-- Версия сервера: 10.4.32-MariaDB
-- Версия PHP: 8.2.12

SET SQL_MODE = "NO_AUTO_VALUE_ON_ZERO";
START TRANSACTION;
SET time_zone = "+00:00";


/*!40101 SET @OLD_CHARACTER_SET_CLIENT=@@CHARACTER_SET_CLIENT */;
/*!40101 SET @OLD_CHARACTER_SET_RESULTS=@@CHARACTER_SET_RESULTS */;
/*!40101 SET @OLD_COLLATION_CONNECTION=@@COLLATION_CONNECTION */;
/*!40101 SET NAMES utf8mb4 */;

--
-- База данных: `mlhu5y21_201311`
--

-- --------------------------------------------------------

--
-- Структура таблицы `12222_customer`
--

CREATE TABLE `12222_customer` (
  `Customer_ID` int(11) NOT NULL,
  `Pwd` varchar(40) NOT NULL,
  `Nickname` varchar(20) NOT NULL,
  `Tel` char(12) NOT NULL,
  `Email` varchar(30) NOT NULL,
  `Sex` tinyint(4) DEFAULT NULL
) ENGINE=InnoDB DEFAULT CHARSET=utf8 COLLATE=utf8_general_ci;

--
-- Дамп данных таблицы `12222_customer`
--

INSERT INTO `12222_customer` (`Customer_ID`, `Pwd`, `Nickname`, `Tel`, `Email`, `Sex`) VALUES
(1, '698d51a19d8a121ce581499d7b701668', 'admin', '10086', '10086@qq.com', 1),
(2, '81dc9bdb52d04dc20036dbd8313ed055', '1234', '10010', '10010@lamp.com', 0),
(3, '698d51a19d8a121ce581499d7b701668', 'Gleb', '88889', 'kkk@gmail.com', 1),
(4, '698d51a19d8a121ce581499d7b701668', 'KKK', '55555', 'kkkk@gmail.com', 0),
(5, '0f6f26096522230249fc213130079e75', 'AAA', '55555', 'aaa@gmail.com', 1),
(7, '0f6f26096522230249fc213130079e75', 'Gleboster', '9999', 'gleblitv10@gmail.com', 1),
(8, '698d51a19d8a121ce581499d7b701668', 'Gleboster2', '678678', 'manret43@gmail.com', 1),
(10, '202cb962ac59075b964b07152d234b70', 'GlebosterY', '678678', 'Gleboster.gl@yandex.ru', 1);

-- --------------------------------------------------------

--
-- Структура таблицы `12222_hall`
--

CREATE TABLE `12222_hall` (
  `Hall_ID` int(11) NOT NULL,
  `Rows_Count` int(11) NOT NULL,
  `Columns_Count` int(11) NOT NULL,
  `Total_Seats` int(11) NOT NULL
) ENGINE=InnoDB DEFAULT CHARSET=utf8 COLLATE=utf8_general_ci;

--
-- Дамп данных таблицы `12222_hall`
--

INSERT INTO `12222_hall` (`Hall_ID`, `Rows_Count`, `Columns_Count`, `Total_Seats`) VALUES
(1, 12, 12, 144),
(2, 12, 12, 144),
(3, 12, 12, 144),
(4, 12, 12, 144),
(5, 12, 12, 144);

-- --------------------------------------------------------

--
-- Структура таблицы `12222_movie`
--

CREATE TABLE `12222_movie` (
  `Movie_ID` int(11) NOT NULL,
  `Movie_Name` varchar(50) NOT NULL,
  `Director` varchar(30) NOT NULL,
  `Actors` varchar(200) NOT NULL,
  `Production_Year` char(5) NOT NULL,
  `Movie_Type` varchar(40) NOT NULL,
  `Movie_Desc` varchar(6000) NOT NULL
) ENGINE=InnoDB DEFAULT CHARSET=utf8 COLLATE=utf8_general_ci;

--
-- Дамп данных таблицы `12222_movie`
--

INSERT INTO `12222_movie` (`Movie_ID`, `Movie_Name`, `Director`, `Actors`, `Production_Year`, `Movie_Type`, `Movie_Desc`) VALUES
(1, 'Побег из Шоушенка', 'Фрэнк Дарабонт', 'Тим Роббинс / Морган Фриман / Боб Гантон / Уильям Сэдлер / Клэнси Браун', '1994', 'Драма / Криминал', 'Надежда делает человека свободным.'),
(2, 'Леон', 'Люк Бессон', 'Жан Рено / Натали Портман / Гэри Олдман / Дэнни Айелло / Майвенн Ле Беско', '1994', 'Драма / Триллер / Криминал', 'История, которую нельзя не рассказать: взрослый мужчина и маленькая девочка.'),
(3, 'Форрест Гамп', 'Роберт Земекис', 'Том Хэнкс / Робин Райт / Гэри Синиз / Майкл Ти Уильямсон / Салли Филд / Майкл Коннер Хамфрис / Хейли Джоэл Осмент', '1994', 'Драма / Мелодрама', 'История современной Америки.'),
(4, 'Легенда о пианисте', 'Джузеппе Торнаторе', 'Тим Рот / Прюитт Тэйлор Винс / Билл Нанн / Мелани Тьерри / Альберто Васкес', '1998', 'Драма / Мелодрама / Музыка', 'Каждый должен идти по пути, который выбрал, даже если это приведет к гибели.'),
(5, 'Список Шиндлера', 'Стивен Спилберг', 'Лиам Нисон / Бен Кингсли / Рэйф Файнс / Кэролайн Гудолл / Джонатан Сагалл', '1993', 'Драма / История / Военный', 'Спасти одного человека — значит спасти весь мир.'),
(6, 'Хористы', 'Кристоф Барратье', 'Жерар Жюньо / Франсуа Берлеан / Кад Мерад / Жан-Поль Боннер / Мари Бюнель / Жан-Батист Монье / Максанс Перрен', '2004', 'Драма / Музыка', 'Детские голоса, подобные ангельским, — это то, что ближе всего к Богу.'),
(7, 'Мой сосед Тоторо', 'Хаяо Миядзаки', 'Норико Хидака / Тика Сакамото / Суми Симамото / Тания Китабаяси / Такахиро Тамура', '1988', 'Анимация / Семейный / Фэнтези / Приключе', 'У каждого в сердце живет Тоторо, и пока он есть, детство никогда не заканчивается.'),
(8, 'Титаник', 'Джеймс Кэмерон', 'Леонардо ДиКаприо / Кейт Уинслет / Билли Зейн / Кэти Бейтс / Фрэнсис Фишер / Глория Стюарт / Сьюзи Эмис / Билл Пэкстон / Бернард Хилл / Виктор Гарбер / Иван Стюарт / Джеймс Кэмерон', '1997', 'Драма / Мелодрама / История / Приключени', 'То, что потеряно, становится вечным.'),
(9, 'Крестный отец', 'Фрэнсис Форд Коппола', 'Марлон Брандо / Аль Пачино / Джеймс Каан / Роберт Дювалл / Дайан Китон', '1972', 'Драма / Триллер / Криминал', 'Никогда не ненавидь своих врагов — это лишает тебя рассудка.'),
(10, 'Шоу Трумана', 'Питер Уир', 'Джим Керри / Лора Линни / Эд Харрис / Ноа Эммерих / Наташа Макэлхоун', '1998', 'Драма / Фантастика', 'Если мы больше не увидимся, желаю вам доброго утра, дня и вечера.');

-- --------------------------------------------------------

--
-- Структура таблицы `12222_movie_comment`
--

CREATE TABLE `12222_movie_comment` (
  `Comment_ID` int(11) NOT NULL,
  `Movie_ID` int(11) NOT NULL,
  `Order_ID` int(11) NOT NULL,
  `Comment_Date` datetime NOT NULL,
  `Comment` varchar(500) NOT NULL,
  `Rating` tinyint(3) UNSIGNED DEFAULT NULL
) ;

--
-- Дамп данных таблицы `12222_movie_comment`
--

INSERT INTO `12222_movie_comment` (`Comment_ID`, `Movie_ID`, `Order_ID`, `Comment_Date`, `Comment`, `Rating`) VALUES
(6, 4, 10, '2014-01-24 19:42:55', 'Супер хорошо', 7),
(7, 1, 9, '2014-01-24 19:43:00', 'замечательный！！', 7),
(8, 1, 12, '2025-03-24 16:55:09', 'Жду, думаю будет очень круто', 8),
(9, 1, 14, '2025-03-24 21:08:26', 'JОчень круто', 10),
(11, 4, 13, '2025-03-25 19:29:06', 'null', NULL),
(12, 1, 16, '2025-03-25 19:35:21', 'null', NULL),
(13, 1, 17, '2025-03-25 19:46:35', 'кру', 5);

-- --------------------------------------------------------

--
-- Структура таблицы `12222_movie_picture`
--

CREATE TABLE `12222_movie_picture` (
  `Pic_ID` int(11) NOT NULL,
  `Movie_ID` int(11) NOT NULL,
  `pic` blob NOT NULL
) ENGINE=InnoDB DEFAULT CHARSET=utf8 COLLATE=utf8_general_ci;

-- --------------------------------------------------------

--
-- Структура таблицы `12222_orders`
--

CREATE TABLE `12222_orders` (
  `Order_ID` int(11) NOT NULL,
  `Customer_ID` int(11) NOT NULL,
  `Seat_ID` int(11) NOT NULL,
  `Order_Date` datetime NOT NULL,
  `Total_Price` decimal(10,0) NOT NULL,
  `Is_Commented` tinyint(4) NOT NULL DEFAULT 0
) ENGINE=InnoDB DEFAULT CHARSET=utf8 COLLATE=utf8_general_ci;

--
-- Дамп данных таблицы `12222_orders`
--

INSERT INTO `12222_orders` (`Order_ID`, `Customer_ID`, `Seat_ID`, `Order_Date`, `Total_Price`, `Is_Commented`) VALUES
(9, 1, 223, '2014-01-24 19:42:35', 30, 1),
(10, 1, 871, '2014-01-24 19:42:50', 35, 1),
(11, 1, 679, '2014-01-24 19:44:01', 35, 1),
(12, 3, 1, '2025-03-24 16:54:14', 30, 1),
(13, 3, 985, '2025-03-24 18:45:14', 35, 1),
(14, 4, 289, '2025-03-24 21:08:07', 30, 1),
(15, 4, 146, '2025-03-24 21:09:32', 30, 0),
(16, 3, 145, '2025-03-25 17:57:33', 30, 1),
(17, 3, 147, '2025-03-25 17:57:33', 30, 1),
(18, 3, 577, '2025-03-25 17:59:41', 35, 0),
(19, 3, 578, '2025-03-25 17:59:41', 35, 0),
(20, 3, 550, '2025-03-25 18:01:06', 35, 0),
(21, 3, 552, '2025-03-25 18:01:06', 35, 0),
(22, 3, 329, '2025-03-25 18:12:05', 30, 0),
(23, 3, 721, '2025-03-25 18:17:57', 35, 0),
(24, 3, 148, '2025-03-25 18:25:32', 100, 0),
(25, 3, 149, '2025-03-25 18:25:32', 100, 0),
(26, 4, 586, '2025-04-01 18:59:26', 35, 0),
(27, 4, 661, '2025-04-01 19:01:29', 35, 0),
(28, 4, 662, '2025-04-01 19:01:29', 35, 0);

-- --------------------------------------------------------

--
-- Структура таблицы `12222_running_movie`
--

CREATE TABLE `12222_running_movie` (
  `Running_Movie_ID` int(11) NOT NULL,
  `Movie_ID` int(11) NOT NULL,
  `Hall_ID` int(11) NOT NULL,
  `Showtime` datetime NOT NULL,
  `Price` decimal(10,0) NOT NULL
) ENGINE=InnoDB DEFAULT CHARSET=utf8 COLLATE=utf8_general_ci;

--
-- Дамп данных таблицы `12222_running_movie`
--

INSERT INTO `12222_running_movie` (`Running_Movie_ID`, `Movie_ID`, `Hall_ID`, `Showtime`, `Price`) VALUES
(1, 1, 1, '2014-01-21 19:00:00', 30),
(2, 1, 3, '2014-01-21 20:20:00', 30),
(3, 1, 5, '2014-01-21 21:50:00', 30),
(4, 3, 2, '2014-01-21 19:30:00', 35),
(5, 2, 1, '2014-01-21 20:10:00', 35),
(6, 1, 2, '2014-01-21 21:40:00', 35),
(7, 4, 1, '2014-01-21 23:00:00', 35),
(8, 8, 3, '2014-01-21 16:30:00', 40),
(9, 1, 1, '2022-01-21 09:00:00', 100),
(10, 1, 3, '2014-01-21 18:20:00', 100);

-- --------------------------------------------------------

--
-- Структура таблицы `12222_seat_on_sale`
--

CREATE TABLE `12222_seat_on_sale` (
  `Seat_ID` int(11) NOT NULL,
  `Running_Movie_ID` int(11) NOT NULL,
  `Row_Num` int(11) NOT NULL,
  `Column_Num` int(11) NOT NULL,
  `Is_Reserved` tinyint(4) NOT NULL DEFAULT 0
) ENGINE=InnoDB DEFAULT CHARSET=utf8 COLLATE=utf8_general_ci;

--
-- Дамп данных таблицы `12222_seat_on_sale`
--

INSERT INTO `12222_seat_on_sale` (`Seat_ID`, `Running_Movie_ID`, `Row_Num`, `Column_Num`, `Is_Reserved`) VALUES
(1, 1, 1, 1, 1),
(2, 1, 1, 2, 0),
(3, 1, 1, 3, 0),
(4, 1, 1, 4, 0),
(5, 1, 1, 5, 0),
(6, 1, 1, 6, 0),
(7, 1, 1, 7, 0),
(8, 1, 1, 8, 0),
(9, 1, 1, 9, 0),
(10, 1, 1, 10, 0),
(11, 1, 1, 11, 0),
(12, 1, 1, 12, 0),
(13, 1, 2, 1, 0),
(14, 1, 2, 2, 0),
(15, 1, 2, 3, 0),
(16, 1, 2, 4, 0),
(17, 1, 2, 5, 0),
(18, 1, 2, 6, 0),
(19, 1, 2, 7, 0),
(20, 1, 2, 8, 0),
(21, 1, 2, 9, 0),
(22, 1, 2, 10, 0),
(23, 1, 2, 11, 0),
(24, 1, 2, 12, 0),
(25, 1, 3, 1, 0),
(26, 1, 3, 2, 0),
(27, 1, 3, 3, 0),
(28, 1, 3, 4, 0),
(29, 1, 3, 5, 0),
(30, 1, 3, 6, 0),
(31, 1, 3, 7, 0),
(32, 1, 3, 8, 0),
(33, 1, 3, 9, 0),
(34, 1, 3, 10, 0),
(35, 1, 3, 11, 0),
(36, 1, 3, 12, 0),
(37, 1, 4, 1, 0),
(38, 1, 4, 2, 0),
(39, 1, 4, 3, 0),
(40, 1, 4, 4, 0),
(41, 1, 4, 5, 0),
(42, 1, 4, 6, 0),
(43, 1, 4, 7, 0),
(44, 1, 4, 8, 0),
(45, 1, 4, 9, 0),
(46, 1, 4, 10, 0),
(47, 1, 4, 11, 0),
(48, 1, 4, 12, 0),
(49, 1, 5, 1, 0),
(50, 1, 5, 2, 0),
(51, 1, 5, 3, 0),
(52, 1, 5, 4, 0),
(53, 1, 5, 5, 0),
(54, 1, 5, 6, 0),
(55, 1, 5, 7, 0),
(56, 1, 5, 8, 0),
(57, 1, 5, 9, 0),
(58, 1, 5, 10, 0),
(59, 1, 5, 11, 0),
(60, 1, 5, 12, 0),
(61, 1, 6, 1, 0),
(62, 1, 6, 2, 0),
(63, 1, 6, 3, 0),
(64, 1, 6, 4, 0),
(65, 1, 6, 5, 0),
(66, 1, 6, 6, 0),
(67, 1, 6, 7, 0),
(68, 1, 6, 8, 0),
(69, 1, 6, 9, 0),
(70, 1, 6, 10, 0),
(71, 1, 6, 11, 0),
(72, 1, 6, 12, 0),
(73, 1, 7, 1, 0),
(74, 1, 7, 2, 0),
(75, 1, 7, 3, 0),
(76, 1, 7, 4, 0),
(77, 1, 7, 5, 0),
(78, 1, 7, 6, 0),
(79, 1, 7, 7, 0),
(80, 1, 7, 8, 0),
(81, 1, 7, 9, 0),
(82, 1, 7, 10, 0),
(83, 1, 7, 11, 0),
(84, 1, 7, 12, 0),
(85, 1, 8, 1, 0),
(86, 1, 8, 2, 0),
(87, 1, 8, 3, 0),
(88, 1, 8, 4, 0),
(89, 1, 8, 5, 0),
(90, 1, 8, 6, 1),
(91, 1, 8, 7, 0),
(92, 1, 8, 8, 0),
(93, 1, 8, 9, 0),
(94, 1, 8, 10, 0),
(95, 1, 8, 11, 0),
(96, 1, 8, 12, 0),
(97, 1, 9, 1, 0),
(98, 1, 9, 2, 0),
(99, 1, 9, 3, 0),
(100, 1, 9, 4, 0),
(101, 1, 9, 5, 0),
(102, 1, 9, 6, 0),
(103, 1, 9, 7, 0),
(104, 1, 9, 8, 0),
(105, 1, 9, 9, 0),
(106, 1, 9, 10, 0),
(107, 1, 9, 11, 0),
(108, 1, 9, 12, 0),
(109, 1, 10, 1, 0),
(110, 1, 10, 2, 0),
(111, 1, 10, 3, 0),
(112, 1, 10, 4, 0),
(113, 1, 10, 5, 0),
(114, 1, 10, 6, 0),
(115, 1, 10, 7, 0),
(116, 1, 10, 8, 0),
(117, 1, 10, 9, 1),
(118, 1, 10, 10, 0),
(119, 1, 10, 11, 0),
(120, 1, 10, 12, 0),
(121, 1, 11, 1, 0),
(122, 1, 11, 2, 0),
(123, 1, 11, 3, 0),
(124, 1, 11, 4, 0),
(125, 1, 11, 5, 0),
(126, 1, 11, 6, 0),
(127, 1, 11, 7, 0),
(128, 1, 11, 8, 0),
(129, 1, 11, 9, 0),
(130, 1, 11, 10, 0),
(131, 1, 11, 11, 0),
(132, 1, 11, 12, 0),
(133, 1, 12, 1, 0),
(134, 1, 12, 2, 0),
(135, 1, 12, 3, 0),
(136, 1, 12, 4, 0),
(137, 1, 12, 5, 0),
(138, 1, 12, 6, 0),
(139, 1, 12, 7, 0),
(140, 1, 12, 8, 0),
(141, 1, 12, 9, 0),
(142, 1, 12, 10, 0),
(143, 1, 12, 11, 0),
(144, 1, 12, 12, 0),
(145, 2, 1, 1, 1),
(146, 2, 1, 2, 1),
(147, 2, 1, 3, 1),
(148, 2, 1, 4, 1),
(149, 2, 1, 5, 1),
(150, 2, 1, 6, 1),
(151, 2, 1, 7, 0),
(152, 2, 1, 8, 0),
(153, 2, 1, 9, 0),
(154, 2, 1, 10, 0),
(155, 2, 1, 11, 0),
(156, 2, 1, 12, 0),
(157, 2, 2, 1, 0),
(158, 2, 2, 2, 0),
(159, 2, 2, 3, 0),
(160, 2, 2, 4, 0),
(161, 2, 2, 5, 0),
(162, 2, 2, 6, 0),
(163, 2, 2, 7, 0),
(164, 2, 2, 8, 0),
(165, 2, 2, 9, 0),
(166, 2, 2, 10, 0),
(167, 2, 2, 11, 0),
(168, 2, 2, 12, 0),
(169, 2, 3, 1, 0),
(170, 2, 3, 2, 0),
(171, 2, 3, 3, 0),
(172, 2, 3, 4, 0),
(173, 2, 3, 5, 0),
(174, 2, 3, 6, 0),
(175, 2, 3, 7, 0),
(176, 2, 3, 8, 0),
(177, 2, 3, 9, 0),
(178, 2, 3, 10, 0),
(179, 2, 3, 11, 0),
(180, 2, 3, 12, 0),
(181, 2, 4, 1, 0),
(182, 2, 4, 2, 0),
(183, 2, 4, 3, 0),
(184, 2, 4, 4, 0),
(185, 2, 4, 5, 0),
(186, 2, 4, 6, 0),
(187, 2, 4, 7, 0),
(188, 2, 4, 8, 0),
(189, 2, 4, 9, 0),
(190, 2, 4, 10, 0),
(191, 2, 4, 11, 0),
(192, 2, 4, 12, 0),
(193, 2, 5, 1, 0),
(194, 2, 5, 2, 0),
(195, 2, 5, 3, 0),
(196, 2, 5, 4, 0),
(197, 2, 5, 5, 0),
(198, 2, 5, 6, 0),
(199, 2, 5, 7, 0),
(200, 2, 5, 8, 0),
(201, 2, 5, 9, 0),
(202, 2, 5, 10, 0),
(203, 2, 5, 11, 0),
(204, 2, 5, 12, 0),
(205, 2, 6, 1, 0),
(206, 2, 6, 2, 0),
(207, 2, 6, 3, 0),
(208, 2, 6, 4, 0),
(209, 2, 6, 5, 0),
(210, 2, 6, 6, 0),
(211, 2, 6, 7, 0),
(212, 2, 6, 8, 0),
(213, 2, 6, 9, 0),
(214, 2, 6, 10, 0),
(215, 2, 6, 11, 0),
(216, 2, 6, 12, 0),
(217, 2, 7, 1, 0),
(218, 2, 7, 2, 0),
(219, 2, 7, 3, 0),
(220, 2, 7, 4, 0),
(221, 2, 7, 5, 0),
(222, 2, 7, 6, 0),
(223, 2, 7, 7, 1),
(224, 2, 7, 8, 0),
(225, 2, 7, 9, 0),
(226, 2, 7, 10, 0),
(227, 2, 7, 11, 0),
(228, 2, 7, 12, 0),
(229, 2, 8, 1, 0),
(230, 2, 8, 2, 0),
(231, 2, 8, 3, 0),
(232, 2, 8, 4, 0),
(233, 2, 8, 5, 0),
(234, 2, 8, 6, 0),
(235, 2, 8, 7, 0),
(236, 2, 8, 8, 0),
(237, 2, 8, 9, 0),
(238, 2, 8, 10, 0),
(239, 2, 8, 11, 0),
(240, 2, 8, 12, 0),
(241, 2, 9, 1, 0),
(242, 2, 9, 2, 0),
(243, 2, 9, 3, 0),
(244, 2, 9, 4, 0),
(245, 2, 9, 5, 0),
(246, 2, 9, 6, 0),
(247, 2, 9, 7, 0),
(248, 2, 9, 8, 0),
(249, 2, 9, 9, 0),
(250, 2, 9, 10, 0),
(251, 2, 9, 11, 0),
(252, 2, 9, 12, 0),
(253, 2, 10, 1, 0),
(254, 2, 10, 2, 0),
(255, 2, 10, 3, 0),
(256, 2, 10, 4, 0),
(257, 2, 10, 5, 0),
(258, 2, 10, 6, 0),
(259, 2, 10, 7, 0),
(260, 2, 10, 8, 0),
(261, 2, 10, 9, 0),
(262, 2, 10, 10, 0),
(263, 2, 10, 11, 0),
(264, 2, 10, 12, 0),
(265, 2, 11, 1, 0),
(266, 2, 11, 2, 0),
(267, 2, 11, 3, 0),
(268, 2, 11, 4, 0),
(269, 2, 11, 5, 0),
(270, 2, 11, 6, 0),
(271, 2, 11, 7, 0),
(272, 2, 11, 8, 0),
(273, 2, 11, 9, 0),
(274, 2, 11, 10, 0),
(275, 2, 11, 11, 0),
(276, 2, 11, 12, 0),
(277, 2, 12, 1, 0),
(278, 2, 12, 2, 0),
(279, 2, 12, 3, 0),
(280, 2, 12, 4, 0),
(281, 2, 12, 5, 0),
(282, 2, 12, 6, 0),
(283, 2, 12, 7, 0),
(284, 2, 12, 8, 0),
(285, 2, 12, 9, 0),
(286, 2, 12, 10, 0),
(287, 2, 12, 11, 0),
(288, 2, 12, 12, 0),
(289, 3, 1, 1, 1),
(290, 3, 1, 2, 0),
(291, 3, 1, 3, 0),
(292, 3, 1, 4, 0),
(293, 3, 1, 5, 0),
(294, 3, 1, 6, 0),
(295, 3, 1, 7, 0),
(296, 3, 1, 8, 0),
(297, 3, 1, 9, 0),
(298, 3, 1, 10, 0),
(299, 3, 1, 11, 0),
(300, 3, 1, 12, 0),
(301, 3, 2, 1, 0),
(302, 3, 2, 2, 0),
(303, 3, 2, 3, 0),
(304, 3, 2, 4, 0),
(305, 3, 2, 5, 0),
(306, 3, 2, 6, 0),
(307, 3, 2, 7, 0),
(308, 3, 2, 8, 0),
(309, 3, 2, 9, 0),
(310, 3, 2, 10, 0),
(311, 3, 2, 11, 0),
(312, 3, 2, 12, 0),
(313, 3, 3, 1, 0),
(314, 3, 3, 2, 0),
(315, 3, 3, 3, 0),
(316, 3, 3, 4, 0),
(317, 3, 3, 5, 0),
(318, 3, 3, 6, 1),
(319, 3, 3, 7, 0),
(320, 3, 3, 8, 0),
(321, 3, 3, 9, 0),
(322, 3, 3, 10, 0),
(323, 3, 3, 11, 0),
(324, 3, 3, 12, 0),
(325, 3, 4, 1, 0),
(326, 3, 4, 2, 0),
(327, 3, 4, 3, 0),
(328, 3, 4, 4, 0),
(329, 3, 4, 5, 1),
(330, 3, 4, 6, 0),
(331, 3, 4, 7, 0),
(332, 3, 4, 8, 0),
(333, 3, 4, 9, 0),
(334, 3, 4, 10, 0),
(335, 3, 4, 11, 0),
(336, 3, 4, 12, 0),
(337, 3, 5, 1, 0),
(338, 3, 5, 2, 0),
(339, 3, 5, 3, 0),
(340, 3, 5, 4, 0),
(341, 3, 5, 5, 1),
(342, 3, 5, 6, 0),
(343, 3, 5, 7, 0),
(344, 3, 5, 8, 0),
(345, 3, 5, 9, 0),
(346, 3, 5, 10, 0),
(347, 3, 5, 11, 0),
(348, 3, 5, 12, 0),
(349, 3, 6, 1, 0),
(350, 3, 6, 2, 0),
(351, 3, 6, 3, 0),
(352, 3, 6, 4, 0),
(353, 3, 6, 5, 0),
(354, 3, 6, 6, 1),
(355, 3, 6, 7, 0),
(356, 3, 6, 8, 0),
(357, 3, 6, 9, 0),
(358, 3, 6, 10, 0),
(359, 3, 6, 11, 0),
(360, 3, 6, 12, 0),
(361, 3, 7, 1, 0),
(362, 3, 7, 2, 0),
(363, 3, 7, 3, 0),
(364, 3, 7, 4, 0),
(365, 3, 7, 5, 0),
(366, 3, 7, 6, 0),
(367, 3, 7, 7, 0),
(368, 3, 7, 8, 0),
(369, 3, 7, 9, 0),
(370, 3, 7, 10, 0),
(371, 3, 7, 11, 0),
(372, 3, 7, 12, 0),
(373, 3, 8, 1, 0),
(374, 3, 8, 2, 0),
(375, 3, 8, 3, 0),
(376, 3, 8, 4, 0),
(377, 3, 8, 5, 0),
(378, 3, 8, 6, 0),
(379, 3, 8, 7, 0),
(380, 3, 8, 8, 0),
(381, 3, 8, 9, 0),
(382, 3, 8, 10, 0),
(383, 3, 8, 11, 0),
(384, 3, 8, 12, 0),
(385, 3, 9, 1, 0),
(386, 3, 9, 2, 0),
(387, 3, 9, 3, 0),
(388, 3, 9, 4, 0),
(389, 3, 9, 5, 0),
(390, 3, 9, 6, 0),
(391, 3, 9, 7, 0),
(392, 3, 9, 8, 0),
(393, 3, 9, 9, 0),
(394, 3, 9, 10, 0),
(395, 3, 9, 11, 0),
(396, 3, 9, 12, 0),
(397, 3, 10, 1, 0),
(398, 3, 10, 2, 0),
(399, 3, 10, 3, 0),
(400, 3, 10, 4, 0),
(401, 3, 10, 5, 0),
(402, 3, 10, 6, 0),
(403, 3, 10, 7, 0),
(404, 3, 10, 8, 0),
(405, 3, 10, 9, 0),
(406, 3, 10, 10, 0),
(407, 3, 10, 11, 0),
(408, 3, 10, 12, 0),
(409, 3, 11, 1, 0),
(410, 3, 11, 2, 0),
(411, 3, 11, 3, 0),
(412, 3, 11, 4, 0),
(413, 3, 11, 5, 0),
(414, 3, 11, 6, 0),
(415, 3, 11, 7, 0),
(416, 3, 11, 8, 0),
(417, 3, 11, 9, 0),
(418, 3, 11, 10, 0),
(419, 3, 11, 11, 0),
(420, 3, 11, 12, 0),
(421, 3, 12, 1, 0),
(422, 3, 12, 2, 0),
(423, 3, 12, 3, 0),
(424, 3, 12, 4, 0),
(425, 3, 12, 5, 0),
(426, 3, 12, 6, 0),
(427, 3, 12, 7, 0),
(428, 3, 12, 8, 0),
(429, 3, 12, 9, 0),
(430, 3, 12, 10, 0),
(431, 3, 12, 11, 0),
(432, 3, 12, 12, 0),
(433, 4, 1, 1, 0),
(434, 4, 1, 2, 0),
(435, 4, 1, 3, 0),
(436, 4, 1, 4, 0),
(437, 4, 1, 5, 0),
(438, 4, 1, 6, 0),
(439, 4, 1, 7, 0),
(440, 4, 1, 8, 0),
(441, 4, 1, 9, 0),
(442, 4, 1, 10, 0),
(443, 4, 1, 11, 0),
(444, 4, 1, 12, 0),
(445, 4, 2, 1, 0),
(446, 4, 2, 2, 0),
(447, 4, 2, 3, 0),
(448, 4, 2, 4, 0),
(449, 4, 2, 5, 0),
(450, 4, 2, 6, 0),
(451, 4, 2, 7, 0),
(452, 4, 2, 8, 0),
(453, 4, 2, 9, 0),
(454, 4, 2, 10, 0),
(455, 4, 2, 11, 0),
(456, 4, 2, 12, 0),
(457, 4, 3, 1, 0),
(458, 4, 3, 2, 0),
(459, 4, 3, 3, 0),
(460, 4, 3, 4, 0),
(461, 4, 3, 5, 0),
(462, 4, 3, 6, 0),
(463, 4, 3, 7, 0),
(464, 4, 3, 8, 0),
(465, 4, 3, 9, 0),
(466, 4, 3, 10, 0),
(467, 4, 3, 11, 0),
(468, 4, 3, 12, 0),
(469, 4, 4, 1, 0),
(470, 4, 4, 2, 0),
(471, 4, 4, 3, 0),
(472, 4, 4, 4, 0),
(473, 4, 4, 5, 0),
(474, 4, 4, 6, 0),
(475, 4, 4, 7, 0),
(476, 4, 4, 8, 0),
(477, 4, 4, 9, 0),
(478, 4, 4, 10, 0),
(479, 4, 4, 11, 0),
(480, 4, 4, 12, 0),
(481, 4, 5, 1, 0),
(482, 4, 5, 2, 0),
(483, 4, 5, 3, 0),
(484, 4, 5, 4, 0),
(485, 4, 5, 5, 0),
(486, 4, 5, 6, 0),
(487, 4, 5, 7, 0),
(488, 4, 5, 8, 0),
(489, 4, 5, 9, 0),
(490, 4, 5, 10, 0),
(491, 4, 5, 11, 0),
(492, 4, 5, 12, 0),
(493, 4, 6, 1, 0),
(494, 4, 6, 2, 0),
(495, 4, 6, 3, 0),
(496, 4, 6, 4, 0),
(497, 4, 6, 5, 0),
(498, 4, 6, 6, 0),
(499, 4, 6, 7, 0),
(500, 4, 6, 8, 0),
(501, 4, 6, 9, 0),
(502, 4, 6, 10, 0),
(503, 4, 6, 11, 0),
(504, 4, 6, 12, 0),
(505, 4, 7, 1, 0),
(506, 4, 7, 2, 0),
(507, 4, 7, 3, 0),
(508, 4, 7, 4, 0),
(509, 4, 7, 5, 0),
(510, 4, 7, 6, 0),
(511, 4, 7, 7, 0),
(512, 4, 7, 8, 0),
(513, 4, 7, 9, 0),
(514, 4, 7, 10, 0),
(515, 4, 7, 11, 0),
(516, 4, 7, 12, 0),
(517, 4, 8, 1, 0),
(518, 4, 8, 2, 0),
(519, 4, 8, 3, 0),
(520, 4, 8, 4, 0),
(521, 4, 8, 5, 0),
(522, 4, 8, 6, 0),
(523, 4, 8, 7, 0),
(524, 4, 8, 8, 0),
(525, 4, 8, 9, 0),
(526, 4, 8, 10, 0),
(527, 4, 8, 11, 0),
(528, 4, 8, 12, 0),
(529, 4, 9, 1, 0),
(530, 4, 9, 2, 0),
(531, 4, 9, 3, 0),
(532, 4, 9, 4, 0),
(533, 4, 9, 5, 0),
(534, 4, 9, 6, 0),
(535, 4, 9, 7, 0),
(536, 4, 9, 8, 0),
(537, 4, 9, 9, 0),
(538, 4, 9, 10, 0),
(539, 4, 9, 11, 0),
(540, 4, 9, 12, 0),
(541, 4, 10, 1, 0),
(542, 4, 10, 2, 0),
(543, 4, 10, 3, 0),
(544, 4, 10, 4, 0),
(545, 4, 10, 5, 0),
(546, 4, 10, 6, 0),
(547, 4, 10, 7, 0),
(548, 4, 10, 8, 0),
(549, 4, 10, 9, 0),
(550, 4, 10, 10, 1),
(551, 4, 10, 11, 0),
(552, 4, 10, 12, 1),
(553, 4, 11, 1, 0),
(554, 4, 11, 2, 0),
(555, 4, 11, 3, 0),
(556, 4, 11, 4, 0),
(557, 4, 11, 5, 0),
(558, 4, 11, 6, 0),
(559, 4, 11, 7, 0),
(560, 4, 11, 8, 0),
(561, 4, 11, 9, 0),
(562, 4, 11, 10, 0),
(563, 4, 11, 11, 0),
(564, 4, 11, 12, 0),
(565, 4, 12, 1, 0),
(566, 4, 12, 2, 0),
(567, 4, 12, 3, 0),
(568, 4, 12, 4, 0),
(569, 4, 12, 5, 0),
(570, 4, 12, 6, 0),
(571, 4, 12, 7, 0),
(572, 4, 12, 8, 0),
(573, 4, 12, 9, 0),
(574, 4, 12, 10, 0),
(575, 4, 12, 11, 0),
(576, 4, 12, 12, 0),
(577, 5, 1, 1, 1),
(578, 5, 1, 2, 1),
(579, 5, 1, 3, 0),
(580, 5, 1, 4, 0),
(581, 5, 1, 5, 0),
(582, 5, 1, 6, 0),
(583, 5, 1, 7, 0),
(584, 5, 1, 8, 0),
(585, 5, 1, 9, 0),
(586, 5, 1, 10, 1),
(587, 5, 1, 11, 0),
(588, 5, 1, 12, 0),
(589, 5, 2, 1, 0),
(590, 5, 2, 2, 0),
(591, 5, 2, 3, 0),
(592, 5, 2, 4, 0),
(593, 5, 2, 5, 0),
(594, 5, 2, 6, 0),
(595, 5, 2, 7, 0),
(596, 5, 2, 8, 0),
(597, 5, 2, 9, 0),
(598, 5, 2, 10, 0),
(599, 5, 2, 11, 0),
(600, 5, 2, 12, 0),
(601, 5, 3, 1, 0),
(602, 5, 3, 2, 0),
(603, 5, 3, 3, 0),
(604, 5, 3, 4, 0),
(605, 5, 3, 5, 0),
(606, 5, 3, 6, 0),
(607, 5, 3, 7, 0),
(608, 5, 3, 8, 0),
(609, 5, 3, 9, 0),
(610, 5, 3, 10, 0),
(611, 5, 3, 11, 0),
(612, 5, 3, 12, 0),
(613, 5, 4, 1, 0),
(614, 5, 4, 2, 0),
(615, 5, 4, 3, 0),
(616, 5, 4, 4, 0),
(617, 5, 4, 5, 0),
(618, 5, 4, 6, 0),
(619, 5, 4, 7, 0),
(620, 5, 4, 8, 0),
(621, 5, 4, 9, 0),
(622, 5, 4, 10, 0),
(623, 5, 4, 11, 0),
(624, 5, 4, 12, 0),
(625, 5, 5, 1, 0),
(626, 5, 5, 2, 0),
(627, 5, 5, 3, 0),
(628, 5, 5, 4, 0),
(629, 5, 5, 5, 0),
(630, 5, 5, 6, 0),
(631, 5, 5, 7, 0),
(632, 5, 5, 8, 0),
(633, 5, 5, 9, 0),
(634, 5, 5, 10, 0),
(635, 5, 5, 11, 0),
(636, 5, 5, 12, 0),
(637, 5, 6, 1, 0),
(638, 5, 6, 2, 0),
(639, 5, 6, 3, 0),
(640, 5, 6, 4, 0),
(641, 5, 6, 5, 0),
(642, 5, 6, 6, 0),
(643, 5, 6, 7, 0),
(644, 5, 6, 8, 0),
(645, 5, 6, 9, 0),
(646, 5, 6, 10, 0),
(647, 5, 6, 11, 0),
(648, 5, 6, 12, 0),
(649, 5, 7, 1, 0),
(650, 5, 7, 2, 0),
(651, 5, 7, 3, 0),
(652, 5, 7, 4, 0),
(653, 5, 7, 5, 0),
(654, 5, 7, 6, 0),
(655, 5, 7, 7, 0),
(656, 5, 7, 8, 0),
(657, 5, 7, 9, 0),
(658, 5, 7, 10, 0),
(659, 5, 7, 11, 0),
(660, 5, 7, 12, 0),
(661, 5, 8, 1, 1),
(662, 5, 8, 2, 1),
(663, 5, 8, 3, 0),
(664, 5, 8, 4, 0),
(665, 5, 8, 5, 0),
(666, 5, 8, 6, 0),
(667, 5, 8, 7, 0),
(668, 5, 8, 8, 0),
(669, 5, 8, 9, 0),
(670, 5, 8, 10, 0),
(671, 5, 8, 11, 0),
(672, 5, 8, 12, 0),
(673, 5, 9, 1, 0),
(674, 5, 9, 2, 0),
(675, 5, 9, 3, 0),
(676, 5, 9, 4, 0),
(677, 5, 9, 5, 0),
(678, 5, 9, 6, 0),
(679, 5, 9, 7, 1),
(680, 5, 9, 8, 0),
(681, 5, 9, 9, 0),
(682, 5, 9, 10, 0),
(683, 5, 9, 11, 0),
(684, 5, 9, 12, 0),
(685, 5, 10, 1, 0),
(686, 5, 10, 2, 0),
(687, 5, 10, 3, 0),
(688, 5, 10, 4, 0),
(689, 5, 10, 5, 0),
(690, 5, 10, 6, 0),
(691, 5, 10, 7, 0),
(692, 5, 10, 8, 0),
(693, 5, 10, 9, 0),
(694, 5, 10, 10, 0),
(695, 5, 10, 11, 0),
(696, 5, 10, 12, 0),
(697, 5, 11, 1, 0),
(698, 5, 11, 2, 0),
(699, 5, 11, 3, 0),
(700, 5, 11, 4, 0),
(701, 5, 11, 5, 0),
(702, 5, 11, 6, 0),
(703, 5, 11, 7, 0),
(704, 5, 11, 8, 0),
(705, 5, 11, 9, 0),
(706, 5, 11, 10, 0),
(707, 5, 11, 11, 0),
(708, 5, 11, 12, 0),
(709, 5, 12, 1, 0),
(710, 5, 12, 2, 0),
(711, 5, 12, 3, 0),
(712, 5, 12, 4, 0),
(713, 5, 12, 5, 0),
(714, 5, 12, 6, 0),
(715, 5, 12, 7, 0),
(716, 5, 12, 8, 0),
(717, 5, 12, 9, 0),
(718, 5, 12, 10, 0),
(719, 5, 12, 11, 0),
(720, 5, 12, 12, 0),
(721, 6, 1, 1, 1),
(722, 6, 1, 2, 0),
(723, 6, 1, 3, 0),
(724, 6, 1, 4, 0),
(725, 6, 1, 5, 0),
(726, 6, 1, 6, 0),
(727, 6, 1, 7, 0),
(728, 6, 1, 8, 0),
(729, 6, 1, 9, 0),
(730, 6, 1, 10, 0),
(731, 6, 1, 11, 0),
(732, 6, 1, 12, 0),
(733, 6, 2, 1, 0),
(734, 6, 2, 2, 0),
(735, 6, 2, 3, 0),
(736, 6, 2, 4, 0),
(737, 6, 2, 5, 0),
(738, 6, 2, 6, 0),
(739, 6, 2, 7, 0),
(740, 6, 2, 8, 0),
(741, 6, 2, 9, 0),
(742, 6, 2, 10, 0),
(743, 6, 2, 11, 0),
(744, 6, 2, 12, 0),
(745, 6, 3, 1, 0),
(746, 6, 3, 2, 0),
(747, 6, 3, 3, 0),
(748, 6, 3, 4, 0),
(749, 6, 3, 5, 0),
(750, 6, 3, 6, 0),
(751, 6, 3, 7, 0),
(752, 6, 3, 8, 0),
(753, 6, 3, 9, 0),
(754, 6, 3, 10, 0),
(755, 6, 3, 11, 0),
(756, 6, 3, 12, 0),
(757, 6, 4, 1, 0),
(758, 6, 4, 2, 0),
(759, 6, 4, 3, 0),
(760, 6, 4, 4, 0),
(761, 6, 4, 5, 0),
(762, 6, 4, 6, 0),
(763, 6, 4, 7, 0),
(764, 6, 4, 8, 0),
(765, 6, 4, 9, 0),
(766, 6, 4, 10, 0),
(767, 6, 4, 11, 0),
(768, 6, 4, 12, 0),
(769, 6, 5, 1, 0),
(770, 6, 5, 2, 0),
(771, 6, 5, 3, 0),
(772, 6, 5, 4, 0),
(773, 6, 5, 5, 0),
(774, 6, 5, 6, 0),
(775, 6, 5, 7, 0),
(776, 6, 5, 8, 0),
(777, 6, 5, 9, 0),
(778, 6, 5, 10, 0),
(779, 6, 5, 11, 0),
(780, 6, 5, 12, 0),
(781, 6, 6, 1, 0),
(782, 6, 6, 2, 0),
(783, 6, 6, 3, 0),
(784, 6, 6, 4, 0),
(785, 6, 6, 5, 0),
(786, 6, 6, 6, 0),
(787, 6, 6, 7, 0),
(788, 6, 6, 8, 0),
(789, 6, 6, 9, 0),
(790, 6, 6, 10, 0),
(791, 6, 6, 11, 0),
(792, 6, 6, 12, 0),
(793, 6, 7, 1, 0),
(794, 6, 7, 2, 0),
(795, 6, 7, 3, 0),
(796, 6, 7, 4, 0),
(797, 6, 7, 5, 0),
(798, 6, 7, 6, 0),
(799, 6, 7, 7, 0),
(800, 6, 7, 8, 0),
(801, 6, 7, 9, 0),
(802, 6, 7, 10, 0),
(803, 6, 7, 11, 0),
(804, 6, 7, 12, 0),
(805, 6, 8, 1, 0),
(806, 6, 8, 2, 0),
(807, 6, 8, 3, 0),
(808, 6, 8, 4, 0),
(809, 6, 8, 5, 0),
(810, 6, 8, 6, 0),
(811, 6, 8, 7, 0),
(812, 6, 8, 8, 0),
(813, 6, 8, 9, 0),
(814, 6, 8, 10, 0),
(815, 6, 8, 11, 0),
(816, 6, 8, 12, 0),
(817, 6, 9, 1, 0),
(818, 6, 9, 2, 0),
(819, 6, 9, 3, 0),
(820, 6, 9, 4, 0),
(821, 6, 9, 5, 0),
(822, 6, 9, 6, 0),
(823, 6, 9, 7, 0),
(824, 6, 9, 8, 0),
(825, 6, 9, 9, 0),
(826, 6, 9, 10, 0),
(827, 6, 9, 11, 0),
(828, 6, 9, 12, 0),
(829, 6, 10, 1, 0),
(830, 6, 10, 2, 0),
(831, 6, 10, 3, 0),
(832, 6, 10, 4, 0),
(833, 6, 10, 5, 0),
(834, 6, 10, 6, 0),
(835, 6, 10, 7, 0),
(836, 6, 10, 8, 0),
(837, 6, 10, 9, 0),
(838, 6, 10, 10, 0),
(839, 6, 10, 11, 0),
(840, 6, 10, 12, 0),
(841, 6, 11, 1, 0),
(842, 6, 11, 2, 0),
(843, 6, 11, 3, 0),
(844, 6, 11, 4, 0),
(845, 6, 11, 5, 0),
(846, 6, 11, 6, 0),
(847, 6, 11, 7, 0),
(848, 6, 11, 8, 0),
(849, 6, 11, 9, 0),
(850, 6, 11, 10, 0),
(851, 6, 11, 11, 0),
(852, 6, 11, 12, 0),
(853, 6, 12, 1, 0),
(854, 6, 12, 2, 0),
(855, 6, 12, 3, 0),
(856, 6, 12, 4, 0),
(857, 6, 12, 5, 0),
(858, 6, 12, 6, 0),
(859, 6, 12, 7, 0),
(860, 6, 12, 8, 0),
(861, 6, 12, 9, 0),
(862, 6, 12, 10, 0),
(863, 6, 12, 11, 0),
(864, 6, 12, 12, 0),
(865, 7, 1, 1, 0),
(866, 7, 1, 2, 0),
(867, 7, 1, 3, 0),
(868, 7, 1, 4, 0),
(869, 7, 1, 5, 0),
(870, 7, 1, 6, 0),
(871, 7, 1, 7, 1),
(872, 7, 1, 8, 0),
(873, 7, 1, 9, 0),
(874, 7, 1, 10, 0),
(875, 7, 1, 11, 0),
(876, 7, 1, 12, 0),
(877, 7, 2, 1, 0),
(878, 7, 2, 2, 0),
(879, 7, 2, 3, 0),
(880, 7, 2, 4, 0),
(881, 7, 2, 5, 0),
(882, 7, 2, 6, 0),
(883, 7, 2, 7, 0),
(884, 7, 2, 8, 0),
(885, 7, 2, 9, 0),
(886, 7, 2, 10, 0),
(887, 7, 2, 11, 0),
(888, 7, 2, 12, 0),
(889, 7, 3, 1, 0),
(890, 7, 3, 2, 0),
(891, 7, 3, 3, 0),
(892, 7, 3, 4, 0),
(893, 7, 3, 5, 0),
(894, 7, 3, 6, 0),
(895, 7, 3, 7, 0),
(896, 7, 3, 8, 0),
(897, 7, 3, 9, 0),
(898, 7, 3, 10, 0),
(899, 7, 3, 11, 0),
(900, 7, 3, 12, 0),
(901, 7, 4, 1, 0),
(902, 7, 4, 2, 0),
(903, 7, 4, 3, 0),
(904, 7, 4, 4, 0),
(905, 7, 4, 5, 0),
(906, 7, 4, 6, 0),
(907, 7, 4, 7, 0),
(908, 7, 4, 8, 0),
(909, 7, 4, 9, 0),
(910, 7, 4, 10, 0),
(911, 7, 4, 11, 0),
(912, 7, 4, 12, 0),
(913, 7, 5, 1, 0),
(914, 7, 5, 2, 0),
(915, 7, 5, 3, 0),
(916, 7, 5, 4, 0),
(917, 7, 5, 5, 0),
(918, 7, 5, 6, 0),
(919, 7, 5, 7, 0),
(920, 7, 5, 8, 0),
(921, 7, 5, 9, 0),
(922, 7, 5, 10, 0),
(923, 7, 5, 11, 0),
(924, 7, 5, 12, 0),
(925, 7, 6, 1, 0),
(926, 7, 6, 2, 0),
(927, 7, 6, 3, 0),
(928, 7, 6, 4, 0),
(929, 7, 6, 5, 0),
(930, 7, 6, 6, 0),
(931, 7, 6, 7, 0),
(932, 7, 6, 8, 0),
(933, 7, 6, 9, 0),
(934, 7, 6, 10, 0),
(935, 7, 6, 11, 0),
(936, 7, 6, 12, 0),
(937, 7, 7, 1, 0),
(938, 7, 7, 2, 0),
(939, 7, 7, 3, 0),
(940, 7, 7, 4, 0),
(941, 7, 7, 5, 0),
(942, 7, 7, 6, 0),
(943, 7, 7, 7, 0),
(944, 7, 7, 8, 0),
(945, 7, 7, 9, 0),
(946, 7, 7, 10, 0),
(947, 7, 7, 11, 0),
(948, 7, 7, 12, 0),
(949, 7, 8, 1, 0),
(950, 7, 8, 2, 0),
(951, 7, 8, 3, 0),
(952, 7, 8, 4, 0),
(953, 7, 8, 5, 0),
(954, 7, 8, 6, 0),
(955, 7, 8, 7, 0),
(956, 7, 8, 8, 1),
(957, 7, 8, 9, 0),
(958, 7, 8, 10, 0),
(959, 7, 8, 11, 0),
(960, 7, 8, 12, 0),
(961, 7, 9, 1, 0),
(962, 7, 9, 2, 0),
(963, 7, 9, 3, 0),
(964, 7, 9, 4, 0),
(965, 7, 9, 5, 0),
(966, 7, 9, 6, 0),
(967, 7, 9, 7, 0),
(968, 7, 9, 8, 0),
(969, 7, 9, 9, 0),
(970, 7, 9, 10, 0),
(971, 7, 9, 11, 0),
(972, 7, 9, 12, 0),
(973, 7, 10, 1, 0),
(974, 7, 10, 2, 0),
(975, 7, 10, 3, 0),
(976, 7, 10, 4, 0),
(977, 7, 10, 5, 0),
(978, 7, 10, 6, 0),
(979, 7, 10, 7, 0),
(980, 7, 10, 8, 0),
(981, 7, 10, 9, 0),
(982, 7, 10, 10, 0),
(983, 7, 10, 11, 0),
(984, 7, 10, 12, 0),
(985, 7, 11, 1, 1),
(986, 7, 11, 2, 0),
(987, 7, 11, 3, 0),
(988, 7, 11, 4, 0),
(989, 7, 11, 5, 0),
(990, 7, 11, 6, 0),
(991, 7, 11, 7, 0),
(992, 7, 11, 8, 0),
(993, 7, 11, 9, 0),
(994, 7, 11, 10, 0),
(995, 7, 11, 11, 0),
(996, 7, 11, 12, 0),
(997, 7, 12, 1, 0),
(998, 7, 12, 2, 0),
(999, 7, 12, 3, 0),
(1000, 7, 12, 4, 0),
(1001, 7, 12, 5, 0),
(1002, 7, 12, 6, 0),
(1003, 7, 12, 7, 0),
(1004, 7, 12, 8, 0),
(1005, 7, 12, 9, 0),
(1006, 7, 12, 10, 0),
(1007, 7, 12, 11, 0),
(1008, 7, 12, 12, 0),
(1009, 8, 1, 1, 0),
(1010, 8, 1, 2, 0),
(1011, 8, 1, 3, 0),
(1012, 8, 1, 4, 0),
(1013, 8, 1, 5, 0),
(1014, 8, 1, 6, 0),
(1015, 8, 1, 7, 0),
(1016, 8, 1, 8, 0),
(1017, 8, 1, 9, 0),
(1018, 8, 1, 10, 0),
(1019, 8, 1, 11, 0),
(1020, 8, 1, 12, 0),
(1021, 8, 2, 1, 0),
(1022, 8, 2, 2, 0),
(1023, 8, 2, 3, 0),
(1024, 8, 2, 4, 0),
(1025, 8, 2, 5, 0),
(1026, 8, 2, 6, 0),
(1027, 8, 2, 7, 0),
(1028, 8, 2, 8, 0),
(1029, 8, 2, 9, 0),
(1030, 8, 2, 10, 0),
(1031, 8, 2, 11, 0),
(1032, 8, 2, 12, 0),
(1033, 8, 3, 1, 0),
(1034, 8, 3, 2, 0),
(1035, 8, 3, 3, 0),
(1036, 8, 3, 4, 0),
(1037, 8, 3, 5, 0),
(1038, 8, 3, 6, 0),
(1039, 8, 3, 7, 0),
(1040, 8, 3, 8, 0),
(1041, 8, 3, 9, 0),
(1042, 8, 3, 10, 0),
(1043, 8, 3, 11, 0),
(1044, 8, 3, 12, 0),
(1045, 8, 4, 1, 0),
(1046, 8, 4, 2, 0),
(1047, 8, 4, 3, 0),
(1048, 8, 4, 4, 0),
(1049, 8, 4, 5, 0),
(1050, 8, 4, 6, 0),
(1051, 8, 4, 7, 0),
(1052, 8, 4, 8, 0),
(1053, 8, 4, 9, 0),
(1054, 8, 4, 10, 0),
(1055, 8, 4, 11, 0),
(1056, 8, 4, 12, 0),
(1057, 8, 5, 1, 0),
(1058, 8, 5, 2, 0),
(1059, 8, 5, 3, 0),
(1060, 8, 5, 4, 0),
(1061, 8, 5, 5, 0),
(1062, 8, 5, 6, 0),
(1063, 8, 5, 7, 0),
(1064, 8, 5, 8, 0),
(1065, 8, 5, 9, 0),
(1066, 8, 5, 10, 0),
(1067, 8, 5, 11, 0),
(1068, 8, 5, 12, 0),
(1069, 8, 6, 1, 0),
(1070, 8, 6, 2, 0),
(1071, 8, 6, 3, 0),
(1072, 8, 6, 4, 0),
(1073, 8, 6, 5, 0),
(1074, 8, 6, 6, 0),
(1075, 8, 6, 7, 0),
(1076, 8, 6, 8, 0),
(1077, 8, 6, 9, 0),
(1078, 8, 6, 10, 0),
(1079, 8, 6, 11, 0),
(1080, 8, 6, 12, 0),
(1081, 8, 7, 1, 0),
(1082, 8, 7, 2, 0),
(1083, 8, 7, 3, 0),
(1084, 8, 7, 4, 0),
(1085, 8, 7, 5, 0),
(1086, 8, 7, 6, 0),
(1087, 8, 7, 7, 0),
(1088, 8, 7, 8, 0),
(1089, 8, 7, 9, 0),
(1090, 8, 7, 10, 0),
(1091, 8, 7, 11, 0),
(1092, 8, 7, 12, 0),
(1093, 8, 8, 1, 0),
(1094, 8, 8, 2, 0),
(1095, 8, 8, 3, 0),
(1096, 8, 8, 4, 0),
(1097, 8, 8, 5, 0),
(1098, 8, 8, 6, 0),
(1099, 8, 8, 7, 0),
(1100, 8, 8, 8, 0),
(1101, 8, 8, 9, 0),
(1102, 8, 8, 10, 0),
(1103, 8, 8, 11, 0),
(1104, 8, 8, 12, 0),
(1105, 8, 9, 1, 0),
(1106, 8, 9, 2, 0),
(1107, 8, 9, 3, 0),
(1108, 8, 9, 4, 0),
(1109, 8, 9, 5, 0),
(1110, 8, 9, 6, 0),
(1111, 8, 9, 7, 0),
(1112, 8, 9, 8, 0),
(1113, 8, 9, 9, 0),
(1114, 8, 9, 10, 0),
(1115, 8, 9, 11, 0),
(1116, 8, 9, 12, 0),
(1117, 8, 10, 1, 0),
(1118, 8, 10, 2, 0),
(1119, 8, 10, 3, 0),
(1120, 8, 10, 4, 0),
(1121, 8, 10, 5, 0),
(1122, 8, 10, 6, 0),
(1123, 8, 10, 7, 0),
(1124, 8, 10, 8, 0),
(1125, 8, 10, 9, 0),
(1126, 8, 10, 10, 0),
(1127, 8, 10, 11, 0),
(1128, 8, 10, 12, 0),
(1129, 8, 11, 1, 0),
(1130, 8, 11, 2, 0),
(1131, 8, 11, 3, 0),
(1132, 8, 11, 4, 0),
(1133, 8, 11, 5, 0),
(1134, 8, 11, 6, 0),
(1135, 8, 11, 7, 0),
(1136, 8, 11, 8, 0),
(1137, 8, 11, 9, 0),
(1138, 8, 11, 10, 0),
(1139, 8, 11, 11, 0),
(1140, 8, 11, 12, 0),
(1141, 8, 12, 1, 0),
(1142, 8, 12, 2, 0),
(1143, 8, 12, 3, 0),
(1144, 8, 12, 4, 0),
(1145, 8, 12, 5, 0),
(1146, 8, 12, 6, 0),
(1147, 8, 12, 7, 0),
(1148, 8, 12, 8, 1),
(1149, 8, 12, 9, 0),
(1150, 8, 12, 10, 0),
(1151, 8, 12, 11, 0),
(1152, 8, 12, 12, 0),
(1153, 9, 1, 1, 0),
(1154, 9, 1, 2, 0),
(1155, 9, 1, 3, 0),
(1156, 9, 1, 4, 0),
(1157, 9, 1, 5, 0),
(1158, 9, 1, 6, 0),
(1159, 9, 1, 7, 0),
(1160, 9, 1, 8, 0),
(1161, 9, 1, 9, 0),
(1162, 9, 1, 10, 0),
(1163, 9, 1, 11, 0),
(1164, 9, 1, 12, 0),
(1165, 9, 2, 1, 0),
(1166, 9, 2, 2, 0),
(1167, 9, 2, 3, 0),
(1168, 9, 2, 4, 0),
(1169, 9, 2, 5, 0),
(1170, 9, 2, 6, 0),
(1171, 9, 2, 7, 0),
(1172, 9, 2, 8, 0),
(1173, 9, 2, 9, 0),
(1174, 9, 2, 10, 0),
(1175, 9, 2, 11, 0),
(1176, 9, 2, 12, 0),
(1177, 9, 3, 1, 0),
(1178, 9, 3, 2, 0),
(1179, 9, 3, 3, 0),
(1180, 9, 3, 4, 0),
(1181, 9, 3, 5, 0),
(1182, 9, 3, 6, 0),
(1183, 9, 3, 7, 0),
(1184, 9, 3, 8, 0),
(1185, 9, 3, 9, 0),
(1186, 9, 3, 10, 0),
(1187, 9, 3, 11, 0),
(1188, 9, 3, 12, 0),
(1189, 9, 4, 1, 0),
(1190, 9, 4, 2, 0),
(1191, 9, 4, 3, 0),
(1192, 9, 4, 4, 0),
(1193, 9, 4, 5, 0),
(1194, 9, 4, 6, 0),
(1195, 9, 4, 7, 0),
(1196, 9, 4, 8, 0),
(1197, 9, 4, 9, 0),
(1198, 9, 4, 10, 0),
(1199, 9, 4, 11, 0),
(1200, 9, 4, 12, 0),
(1201, 9, 5, 1, 0),
(1202, 9, 5, 2, 0),
(1203, 9, 5, 3, 0),
(1204, 9, 5, 4, 0),
(1205, 9, 5, 5, 0),
(1206, 9, 5, 6, 0),
(1207, 9, 5, 7, 0),
(1208, 9, 5, 8, 0),
(1209, 9, 5, 9, 0),
(1210, 9, 5, 10, 0),
(1211, 9, 5, 11, 0),
(1212, 9, 5, 12, 0),
(1213, 9, 6, 1, 0),
(1214, 9, 6, 2, 0),
(1215, 9, 6, 3, 0),
(1216, 9, 6, 4, 0),
(1217, 9, 6, 5, 0),
(1218, 9, 6, 6, 0),
(1219, 9, 6, 7, 0),
(1220, 9, 6, 8, 0),
(1221, 9, 6, 9, 0),
(1222, 9, 6, 10, 0),
(1223, 9, 6, 11, 0),
(1224, 9, 6, 12, 0),
(1225, 9, 7, 1, 0),
(1226, 9, 7, 2, 0),
(1227, 9, 7, 3, 0),
(1228, 9, 7, 4, 0),
(1229, 9, 7, 5, 0),
(1230, 9, 7, 6, 0),
(1231, 9, 7, 7, 0),
(1232, 9, 7, 8, 0),
(1233, 9, 7, 9, 0),
(1234, 9, 7, 10, 0),
(1235, 9, 7, 11, 0),
(1236, 9, 7, 12, 0),
(1237, 9, 8, 1, 0),
(1238, 9, 8, 2, 0),
(1239, 9, 8, 3, 0),
(1240, 9, 8, 4, 0),
(1241, 9, 8, 5, 0),
(1242, 9, 8, 6, 0),
(1243, 9, 8, 7, 0),
(1244, 9, 8, 8, 0),
(1245, 9, 8, 9, 0),
(1246, 9, 8, 10, 0),
(1247, 9, 8, 11, 0),
(1248, 9, 8, 12, 0),
(1249, 9, 9, 1, 0),
(1250, 9, 9, 2, 0),
(1251, 9, 9, 3, 0),
(1252, 9, 9, 4, 0),
(1253, 9, 9, 5, 0),
(1254, 9, 9, 6, 0),
(1255, 9, 9, 7, 0),
(1256, 9, 9, 8, 0),
(1257, 9, 9, 9, 0),
(1258, 9, 9, 10, 0),
(1259, 9, 9, 11, 0),
(1260, 9, 9, 12, 0),
(1261, 9, 10, 1, 0),
(1262, 9, 10, 2, 0),
(1263, 9, 10, 3, 0),
(1264, 9, 10, 4, 0),
(1265, 9, 10, 5, 0),
(1266, 9, 10, 6, 0),
(1267, 9, 10, 7, 0),
(1268, 9, 10, 8, 0),
(1269, 9, 10, 9, 0),
(1270, 9, 10, 10, 0),
(1271, 9, 10, 11, 0),
(1272, 9, 10, 12, 0),
(1273, 9, 11, 1, 0),
(1274, 9, 11, 2, 0),
(1275, 9, 11, 3, 0),
(1276, 9, 11, 4, 0),
(1277, 9, 11, 5, 0),
(1278, 9, 11, 6, 0),
(1279, 9, 11, 7, 0),
(1280, 9, 11, 8, 0),
(1281, 9, 11, 9, 0),
(1282, 9, 11, 10, 0),
(1283, 9, 11, 11, 0),
(1284, 9, 11, 12, 0),
(1285, 9, 12, 1, 0),
(1286, 9, 12, 2, 0),
(1287, 9, 12, 3, 0),
(1288, 9, 12, 4, 0),
(1289, 9, 12, 5, 0),
(1290, 9, 12, 6, 0),
(1291, 9, 12, 7, 0),
(1292, 9, 12, 8, 0),
(1293, 9, 12, 9, 0),
(1294, 9, 12, 10, 0),
(1295, 9, 12, 11, 0),
(1296, 9, 12, 12, 0),
(1297, 10, 1, 1, 0),
(1298, 10, 1, 2, 0),
(1299, 10, 1, 3, 0),
(1300, 10, 1, 4, 0),
(1301, 10, 1, 5, 0),
(1302, 10, 1, 6, 0),
(1303, 10, 1, 7, 0),
(1304, 10, 1, 8, 0),
(1305, 10, 1, 9, 0),
(1306, 10, 1, 10, 0),
(1307, 10, 1, 11, 0),
(1308, 10, 1, 12, 0),
(1309, 10, 2, 1, 0),
(1310, 10, 2, 2, 0),
(1311, 10, 2, 3, 0),
(1312, 10, 2, 4, 0),
(1313, 10, 2, 5, 0),
(1314, 10, 2, 6, 0),
(1315, 10, 2, 7, 0),
(1316, 10, 2, 8, 0),
(1317, 10, 2, 9, 0),
(1318, 10, 2, 10, 0),
(1319, 10, 2, 11, 0),
(1320, 10, 2, 12, 0),
(1321, 10, 3, 1, 0),
(1322, 10, 3, 2, 0),
(1323, 10, 3, 3, 0),
(1324, 10, 3, 4, 0),
(1325, 10, 3, 5, 0),
(1326, 10, 3, 6, 0),
(1327, 10, 3, 7, 0),
(1328, 10, 3, 8, 0),
(1329, 10, 3, 9, 0),
(1330, 10, 3, 10, 0),
(1331, 10, 3, 11, 0),
(1332, 10, 3, 12, 0),
(1333, 10, 4, 1, 0),
(1334, 10, 4, 2, 0),
(1335, 10, 4, 3, 0),
(1336, 10, 4, 4, 0),
(1337, 10, 4, 5, 0),
(1338, 10, 4, 6, 0),
(1339, 10, 4, 7, 0),
(1340, 10, 4, 8, 0),
(1341, 10, 4, 9, 0),
(1342, 10, 4, 10, 0),
(1343, 10, 4, 11, 0),
(1344, 10, 4, 12, 0),
(1345, 10, 5, 1, 0),
(1346, 10, 5, 2, 0),
(1347, 10, 5, 3, 0),
(1348, 10, 5, 4, 0),
(1349, 10, 5, 5, 0),
(1350, 10, 5, 6, 0),
(1351, 10, 5, 7, 0),
(1352, 10, 5, 8, 0),
(1353, 10, 5, 9, 0),
(1354, 10, 5, 10, 0),
(1355, 10, 5, 11, 0),
(1356, 10, 5, 12, 0),
(1357, 10, 6, 1, 0),
(1358, 10, 6, 2, 0),
(1359, 10, 6, 3, 0),
(1360, 10, 6, 4, 0),
(1361, 10, 6, 5, 0),
(1362, 10, 6, 6, 0),
(1363, 10, 6, 7, 0),
(1364, 10, 6, 8, 0),
(1365, 10, 6, 9, 0),
(1366, 10, 6, 10, 0),
(1367, 10, 6, 11, 0),
(1368, 10, 6, 12, 0),
(1369, 10, 7, 1, 0),
(1370, 10, 7, 2, 0),
(1371, 10, 7, 3, 0),
(1372, 10, 7, 4, 0),
(1373, 10, 7, 5, 0),
(1374, 10, 7, 6, 0),
(1375, 10, 7, 7, 0),
(1376, 10, 7, 8, 0),
(1377, 10, 7, 9, 0),
(1378, 10, 7, 10, 0),
(1379, 10, 7, 11, 0),
(1380, 10, 7, 12, 0),
(1381, 10, 8, 1, 0),
(1382, 10, 8, 2, 0),
(1383, 10, 8, 3, 0),
(1384, 10, 8, 4, 0),
(1385, 10, 8, 5, 0),
(1386, 10, 8, 6, 0),
(1387, 10, 8, 7, 0),
(1388, 10, 8, 8, 0),
(1389, 10, 8, 9, 0),
(1390, 10, 8, 10, 0),
(1391, 10, 8, 11, 0),
(1392, 10, 8, 12, 0),
(1393, 10, 9, 1, 0),
(1394, 10, 9, 2, 0),
(1395, 10, 9, 3, 0),
(1396, 10, 9, 4, 0),
(1397, 10, 9, 5, 0),
(1398, 10, 9, 6, 0),
(1399, 10, 9, 7, 0),
(1400, 10, 9, 8, 0),
(1401, 10, 9, 9, 0),
(1402, 10, 9, 10, 0),
(1403, 10, 9, 11, 0),
(1404, 10, 9, 12, 0),
(1405, 10, 10, 1, 0),
(1406, 10, 10, 2, 0),
(1407, 10, 10, 3, 0),
(1408, 10, 10, 4, 0),
(1409, 10, 10, 5, 0),
(1410, 10, 10, 6, 0),
(1411, 10, 10, 7, 0),
(1412, 10, 10, 8, 0),
(1413, 10, 10, 9, 0),
(1414, 10, 10, 10, 0),
(1415, 10, 10, 11, 0),
(1416, 10, 10, 12, 0),
(1417, 10, 11, 1, 0),
(1418, 10, 11, 2, 0),
(1419, 10, 11, 3, 0),
(1420, 10, 11, 4, 0),
(1421, 10, 11, 5, 0),
(1422, 10, 11, 6, 0),
(1423, 10, 11, 7, 0),
(1424, 10, 11, 8, 0),
(1425, 10, 11, 9, 0),
(1426, 10, 11, 10, 0),
(1427, 10, 11, 11, 0),
(1428, 10, 11, 12, 0),
(1429, 10, 12, 1, 0),
(1430, 10, 12, 2, 0),
(1431, 10, 12, 3, 0),
(1432, 10, 12, 4, 0),
(1433, 10, 12, 5, 0),
(1434, 10, 12, 6, 0),
(1435, 10, 12, 7, 0),
(1436, 10, 12, 8, 0),
(1437, 10, 12, 9, 0),
(1438, 10, 12, 10, 0),
(1439, 10, 12, 11, 0),
(1440, 10, 12, 12, 0);

-- --------------------------------------------------------

--
-- Структура таблицы `captchas`
--

CREATE TABLE `captchas` (
  `id` int(11) NOT NULL,
  `image_path` varchar(255) NOT NULL,
  `solution` varchar(50) NOT NULL
) ENGINE=InnoDB DEFAULT CHARSET=utf8 COLLATE=utf8_general_ci;

--
-- Дамп данных таблицы `captchas`
--

INSERT INTO `captchas` (`id`, `image_path`, `solution`) VALUES
(1, 'images/captchas/captcha1.png', 'звяиэ'),
(2, 'images/captchas/captcha2.png', 'рпксе'),
(3, 'images/captchas/captcha3.png', 'вэяао'),
(4, 'images/captchas/captcha4.png', 'юипза'),
(5, 'images/captchas/captcha5.png', 'этбуд'),
(6, 'images/captchas/captcha6.png', 'ямдрж'),
(7, 'images/captchas/captcha7.png', 'эюжсю'),
(8, 'images/captchas/captcha8.png', 'ддфзэ'),
(9, 'images/captchas/captcha9.png', 'роуюб'),
(10, 'images/captchas/captcha10.png', 'мугтм');

-- --------------------------------------------------------

--
-- Структура таблицы `news`
--

CREATE TABLE `news` (
  `id` int(11) NOT NULL,
  `title` varchar(255) NOT NULL,
  `content` text NOT NULL,
  `image_url` varchar(255) DEFAULT NULL,
  `author` varchar(100) DEFAULT NULL
) ENGINE=InnoDB DEFAULT CHARSET=utf8 COLLATE=utf8_general_ci;

--
-- Дамп данных таблицы `news`
--

INSERT INTO `news` (`id`, `title`, `content`, `image_url`, `author`) VALUES
(1, 'Премьера криминального триллера \"Наступит лето\"', 'На большого экрана выйдет криминальный триллер с Марком Эйдельштейном. Обсуждение со спикерами из медиа о кино.', 'https://s2.kinoteatr.ru/upload/e1/00/00/00/00/XNTufbpbk9LLOzkzxmDF.png', 'Gleb'),
(2, 'Светская премьера исторической драмы \"Падение короны\"', 'Состоится светская премьера исторической драмы с участием звезд европейского кино. Не пропустите эту важную дату!', 'https://s3.kinoteatr.ru/upload/e1/00/00/00/00/hrnRkeMzjKVAyPxio1E4.jpg', 'Gleb'),
(3, '«ДОЛЬЧЕ!» — всероссийская премьера: сила любви, великая музыка, Венсан Кассель и DolceGabbana', '26 марта кинотеатр приглашает на всероссийскую премьеру грандиозного фильма «ДОЛЬЧЕ!» с участием Венсана Касселя, Пласидо Доминго, Фанни Ардан, Эрвина Шротта и Катерины Мурино, а костюмы созданы итальянским домом моды Dolce&Gabbana.', 'https://s2.kinoteatr.ru/upload/e1/00/00/00/00/Dolche_okko_1050590.jpg', 'Gleb'),
(4, '«Падение короны»: всероссийская премьера исторического фильма', 'фильм-открытие 77ого Международного кинофестиваля в Локарно. \r\n\r\nКартина режиссера Джанлуки Йодиче повествует о последних днях жизни Людовика XVI и знаменитой Марии-Антуанетты. События фильма разворачиваются на пике Французской революции, когда впервые в истории была свергнута абсолютная монархия. Мучительно проживая народные волнения и государственный переворот, король с семьей оказывается изолирован от внешнего мира и помещен в тюрьму в ожидании приговора. Об этом периоде заточения короля и королевы с детьми известно мало. «Падение короны» предлагает свое видение драматических событий нескольких месяцев жизни последней королевской семьи Франции.', 'https://s3.kinoteatr.ru/upload/e1/00/00/00/00/d5RxAPJBPNXuWmhzfEwb.jpg', 'Gleb');

--
-- Индексы сохранённых таблиц
--

--
-- Индексы таблицы `12222_customer`
--
ALTER TABLE `12222_customer`
  ADD PRIMARY KEY (`Customer_ID`),
  ADD UNIQUE KEY `Nickname` (`Nickname`);

--
-- Индексы таблицы `12222_hall`
--
ALTER TABLE `12222_hall`
  ADD PRIMARY KEY (`Hall_ID`);

--
-- Индексы таблицы `12222_movie`
--
ALTER TABLE `12222_movie`
  ADD PRIMARY KEY (`Movie_ID`);

--
-- Индексы таблицы `12222_movie_comment`
--
ALTER TABLE `12222_movie_comment`
  ADD PRIMARY KEY (`Comment_ID`),
  ADD KEY `Movie_ID` (`Movie_ID`),
  ADD KEY `Order_ID` (`Order_ID`);

--
-- Индексы таблицы `12222_movie_picture`
--
ALTER TABLE `12222_movie_picture`
  ADD PRIMARY KEY (`Pic_ID`),
  ADD KEY `Movie_ID` (`Movie_ID`);

--
-- Индексы таблицы `12222_orders`
--
ALTER TABLE `12222_orders`
  ADD PRIMARY KEY (`Order_ID`),
  ADD KEY `Customer_ID` (`Customer_ID`),
  ADD KEY `Seat_ID` (`Seat_ID`);

--
-- Индексы таблицы `12222_running_movie`
--
ALTER TABLE `12222_running_movie`
  ADD PRIMARY KEY (`Running_Movie_ID`),
  ADD KEY `Movie_ID` (`Movie_ID`),
  ADD KEY `Hall_ID` (`Hall_ID`);

--
-- Индексы таблицы `12222_seat_on_sale`
--
ALTER TABLE `12222_seat_on_sale`
  ADD PRIMARY KEY (`Seat_ID`),
  ADD KEY `Running_Movie_ID` (`Running_Movie_ID`);

--
-- Индексы таблицы `captchas`
--
ALTER TABLE `captchas`
  ADD PRIMARY KEY (`id`);

--
-- Индексы таблицы `news`
--
ALTER TABLE `news`
  ADD PRIMARY KEY (`id`);

--
-- AUTO_INCREMENT для сохранённых таблиц
--

--
-- AUTO_INCREMENT для таблицы `12222_customer`
--
ALTER TABLE `12222_customer`
  MODIFY `Customer_ID` int(11) NOT NULL AUTO_INCREMENT, AUTO_INCREMENT=11;

--
-- AUTO_INCREMENT для таблицы `12222_movie`
--
ALTER TABLE `12222_movie`
  MODIFY `Movie_ID` int(11) NOT NULL AUTO_INCREMENT, AUTO_INCREMENT=11;

--
-- AUTO_INCREMENT для таблицы `12222_movie_comment`
--
ALTER TABLE `12222_movie_comment`
  MODIFY `Comment_ID` int(11) NOT NULL AUTO_INCREMENT;

--
-- AUTO_INCREMENT для таблицы `12222_movie_picture`
--
ALTER TABLE `12222_movie_picture`
  MODIFY `Pic_ID` int(11) NOT NULL AUTO_INCREMENT;

--
-- AUTO_INCREMENT для таблицы `12222_orders`
--
ALTER TABLE `12222_orders`
  MODIFY `Order_ID` int(11) NOT NULL AUTO_INCREMENT, AUTO_INCREMENT=29;

--
-- AUTO_INCREMENT для таблицы `12222_running_movie`
--
ALTER TABLE `12222_running_movie`
  MODIFY `Running_Movie_ID` int(11) NOT NULL AUTO_INCREMENT, AUTO_INCREMENT=11;

--
-- AUTO_INCREMENT для таблицы `12222_seat_on_sale`
--
ALTER TABLE `12222_seat_on_sale`
  MODIFY `Seat_ID` int(11) NOT NULL AUTO_INCREMENT, AUTO_INCREMENT=1441;

--
-- AUTO_INCREMENT для таблицы `captchas`
--
ALTER TABLE `captchas`
  MODIFY `id` int(11) NOT NULL AUTO_INCREMENT, AUTO_INCREMENT=11;

--
-- AUTO_INCREMENT для таблицы `news`
--
ALTER TABLE `news`
  MODIFY `id` int(11) NOT NULL AUTO_INCREMENT, AUTO_INCREMENT=5;

--
-- Ограничения внешнего ключа сохраненных таблиц
--

--
-- Ограничения внешнего ключа таблицы `12222_movie_comment`
--
ALTER TABLE `12222_movie_comment`
  ADD CONSTRAINT `12222_movie_comment_ibfk_1` FOREIGN KEY (`Movie_ID`) REFERENCES `12222_movie` (`Movie_ID`),
  ADD CONSTRAINT `12222_movie_comment_ibfk_2` FOREIGN KEY (`Order_ID`) REFERENCES `12222_orders` (`Order_ID`);

--
-- Ограничения внешнего ключа таблицы `12222_movie_picture`
--
ALTER TABLE `12222_movie_picture`
  ADD CONSTRAINT `12222_movie_picture_ibfk_1` FOREIGN KEY (`Movie_ID`) REFERENCES `12222_movie` (`Movie_ID`);

--
-- Ограничения внешнего ключа таблицы `12222_orders`
--
ALTER TABLE `12222_orders`
  ADD CONSTRAINT `12222_orders_ibfk_1` FOREIGN KEY (`Customer_ID`) REFERENCES `12222_customer` (`Customer_ID`),
  ADD CONSTRAINT `12222_orders_ibfk_2` FOREIGN KEY (`Seat_ID`) REFERENCES `12222_seat_on_sale` (`Seat_ID`);

--
-- Ограничения внешнего ключа таблицы `12222_running_movie`
--
ALTER TABLE `12222_running_movie`
  ADD CONSTRAINT `12222_running_movie_ibfk_1` FOREIGN KEY (`Movie_ID`) REFERENCES `12222_movie` (`Movie_ID`),
  ADD CONSTRAINT `12222_running_movie_ibfk_2` FOREIGN KEY (`Hall_ID`) REFERENCES `12222_hall` (`Hall_ID`);

--
-- Ограничения внешнего ключа таблицы `12222_seat_on_sale`
--
ALTER TABLE `12222_seat_on_sale`
  ADD CONSTRAINT `12222_seat_on_sale_ibfk_1` FOREIGN KEY (`Running_Movie_ID`) REFERENCES `12222_running_movie` (`Running_Movie_ID`);
COMMIT;

/*!40101 SET CHARACTER_SET_CLIENT=@OLD_CHARACTER_SET_CLIENT */;
/*!40101 SET CHARACTER_SET_RESULTS=@OLD_CHARACTER_SET_RESULTS */;
/*!40101 SET COLLATION_CONNECTION=@OLD_COLLATION_CONNECTION */;
